71.449282711585,41.10960958218893,97.86214794290998,i
8.0,24.020824298928627,16.0312195418814,i
62.625873247404705,51.24451190127583,44.04543109109048,i
51.86520991955976,74.09453421137081,80.62257748298549,i
67.06713054842886,38.948684188300895,59.64059020499378,i
94.36630754670864,60.802960454241045,120.14990636700472,i
51.24451190127583,53.225933528685054,38.01315561749642,i
51.22499389946279,51.54609587543949,29.410882339705484,i
34.0147027033899,68.59300255857006,51.24451190127583,i
61.29437168288782,25.80697580112788,57.4543296888929,i
33.24154027718932,55.47071299343465,38.91015291668744,i
41.617304093369626,53.71219600798314,15.132745950421556,i
55.94640292279746,103.58571330062848,130.61393493804556,i
37.53664875824692,21.37755832643195,53.31041174104736,i
34.36568055487916,55.0,49.01020301937138,i
52.839379254491625,17.26267650163207,49.8196748283246,i
95.524865872714,94.66784036831093,1.0,i
52.55473337388365,29.068883707497267,39.408120990476064,i
76.69419795525604,0.0,76.69419795525604,i
7.0,49.01020301937138,42.01190307520001,i
51.24451190127583,67.91170738539859,87.46427842267951,i
49.16299421312742,38.897300677553446,32.55764119219941,i
49.040799340956916,110.07270324653611,120.70211265756701,i
45.18849411078001,30.01666203960727,63.25345840347388,i
56.938563381947034,57.9396237474839,37.53664875824692,i
55.47071299343465,48.16637831516918,57.38466694161429,i
68.59300255857006,76.68767828015137,42.638011210655684,i
49.0,52.15361924162119,48.75448697299562,i
56.938563381947034,45.48626166217664,25.632011235952593,i
0.0,72.18032973047436,72.18032973047436,i
71.449282711585,84.52810183601665,45.27692569068709,i
86.2670273047588,86.2670273047588,0.0,i
59.07622195096772,0.0,59.07622195096772,i
75.16648189186454,75.16648189186454,0.0,i
61.35144660071187,55.226805085936306,50.21951811795888,i
151.60804727981954,213.03755537463343,79.81227975693966,i
50.96076922496363,22.67156809750927,32.01562118716424,i
47.853944456021594,37.33630940518894,25.059928172283335,i
52.20153254455275,12.0,41.14608122288197,i
91.706052144883,56.64803615307419,59.64059020499378,i
42.01190307520001,71.449282711585,79.62411694957753,i
19.026297590440446,49.09175083453431,50.59644256269407,i
38.118237105091836,2.0,36.124783736376884,i
77.41446893184762,72.91776189653656,47.01063709417264,i
51.894122981316485,2.0,53.71219600798314,i
49.040799340956916,21.02379604162864,45.17742799230607,i
58.69412236331676,37.33630940518894,65.85590330410783,i
38.01315561749642,29.017236257093817,9.0,i
49.47726750741192,117.72000679578642,125.89678312014172,i
80.26207074328447,65.19202405202648,27.202941017470888,i
52.0,33.0,19.0,i
43.01162633521314,56.938563381947034,37.94733192202055,i
60.8276253029822,51.54609587543949,58.7962583843564,i
79.02531240052139,0.0,79.02531240052139,i
18.973665961010276,51.54609587543949,38.01315561749642,i
70.03570517957252,70.7248188403477,1.0,i
121.33424908079334,9.0,113.1591799192624,i
58.008620049092706,53.71219600798314,8.0,i
12.165525060596439,15.132745950421556,3.0,i
51.24451190127583,23.323807579381203,37.33630940518894,i
51.86520991955976,53.16013544000805,48.08326112068523,i
32.202484376209235,20.223748416156685,50.21951811795888,i
196.0637651377735,293.318939040765,106.00471687618433,i
126.84636376341263,1.0,126.46343345014795,i
112.00892821556681,49.8196748283246,96.51942809610924,i
112.60550608207397,104.23531071570709,17.804493814764857,i
51.24451190127583,42.941821107167776,12.083045973594572,i
49.040799340956916,34.36568055487916,16.55294535724685,i
62.16912416947821,48.91829923454004,56.938563381947034,i
47.095647357266465,2.0,49.09175083453431,i
34.438350715445125,38.01315561749642,50.96076922496363,i
8.0,150.74813431681335,142.79005567615695,i
56.302753041036986,2.0,57.982756057296896,i
50.99019513592785,37.48332962798263,52.92447448959697,i
49.36598018878993,47.43416490252569,61.29437168288782,i
62.48199740725323,12.0,53.81449618829484,i
55.00909015790027,90.08884503644167,79.05694150420949,i
22.47220505424423,49.64876634922564,30.265491900843113,i
37.44329045369811,28.442925306655784,55.47071299343465,i
64.53681120105021,17.72004514666935,73.60027173862879,i
46.2709412050371,30.0,33.83784863137726,i
24.166091947189145,36.124783736376884,50.96076922496363,i
8.0,120.90492132250036,113.46365056704283,i
26.1725046566048,2.0,28.160255680657446,i
130.04999038831184,136.6235704408284,49.64876634922564,i
41.43669871020132,49.8196748283246,46.09772228646444,i
46.69047011971501,41.6293165929973,49.16299421312742,i
3.0,24.020824298928627,21.02379604162864,i
57.3149195236284,49.8196748283246,34.48187929913333,i
30.01666203960727,40.01249804748511,10.0,i
70.00714249274856,70.00714249274856,0.0,i
43.840620433565945,59.77457653551382,55.47071299343465,i
75.13321502504735,100.12991560967181,58.52349955359813,i
70.00714249274856,96.08329719571451,152.7776161615307,i
34.23448553724738,52.55473337388365,27.459060435491963,i
61.1310068623117,62.93647591023825,51.86520991955976,i
52.55473337388365,40.024992192379,29.732137494637012,i
49.040799340956916,28.861739379323623,51.61395160225576,i
40.792156108742276,53.71219600798314,31.32091952673165,i
35.0,52.92447448959697,21.02379604162864,i
51.86520991955976,0.0,51.86520991955976,i
125.8729518204765,80.75270893288967,63.25345840347388,i
51.40038910358559,52.92447448959697,13.601470508735444,i
53.71219600798314,53.225933528685054,45.0111097397076,i
62.16912416947821,52.20153254455275,56.72741841473134,i
0.0,56.938563381947034,56.938563381947034,i
49.040799340956916,37.33630940518894,13.892443989449804,i
77.46612162745726,86.28441342444185,151.92103211866353,i
4.0,97.32420048477151,101.27191120937731,i
48.662100242385755,33.301651610693426,31.064449134018133,i
49.01020301937138,37.21558813185679,57.62811813689564,i
49.0,68.47627326307996,62.0966987850401,i
32.01562118716424,49.36598018878993,34.66987164671943,i
54.56189146281496,34.17601498127012,39.81205847478876,i
45.044422518220834,39.81205847478876,21.02379604162864,i
1.0,72.91776189653656,72.24956747275377,i
48.662100242385755,40.496913462633174,24.166091947189145,i
49.49747468305833,55.226805085936306,36.05551275463989,i
49.16299421312742,52.392747589718944,25.019992006393608,i
9.0,173.6663467687393,164.7573974060042,i
60.00833275470999,52.92447448959697,43.01162633521314,i
120.30378215168466,105.54619841567009,47.80167361086848,i
193.18643844742311,14.0,206.90335908341362,i
57.697486947006624,56.43580423808985,83.5224520712844,i
83.00602387778854,34.438350715445125,103.73041983911952,i
49.64876634922564,94.847245611035,78.5175139698144,i
70.0,74.33034373659252,52.20153254455275,i
115.95257651298655,70.83784299369935,67.20863039818622,i
68.6804193347711,31.04834939252005,75.92759709091287,i
129.24395537122808,127.76932339180638,2.23606797749979,i
5.0,79.51100552753688,74.54528824815154,i
49.25444142409901,50.635955604688654,68.60029154456998,i
69.6419413859206,133.18032887780387,82.20097323024831,i
49.36598018878993,105.84894897919393,104.38869670610895,i
49.25444142409901,87.66413177577246,87.09190547921202,i
33.60059523282288,57.4543296888929,63.953107821277925,i
37.8549864614954,48.02082881417188,50.44799302251776,i
65.85590330410783,0.0,65.85590330410783,i
47.095647357266465,62.625873247404705,46.69047011971501,i
34.48187929913333,44.10215414239989,24.413111231467404,i
72.80109889280519,25.079872407968907,75.92759709091287,i
51.86520991955976,48.08326112068523,31.144823004794873,i
64.40496875241847,36.61966684720111,56.43580423808985,i
0.0,56.938563381947034,56.938563381947034,i
40.52159917870962,55.17245689653489,49.01020301937138,i
59.64059020499378,59.64059020499378,0.0,i
65.85590330410783,65.85590330410783,0.0,i
39.05124837953327,56.938563381947034,39.56008088970496,i
120.93386622447825,1.4142135623730951,120.42009799032718,i
50.0,51.40038910358559,57.56735185849702,i
84.62860036654276,82.37718130647589,36.05551275463989,i
29.120439557122072,31.89043743820395,51.54609587543949,i
56.938563381947034,0.0,56.938563381947034,i
71.34423592694787,33.24154027718932,57.4543296888929,i
53.71219600798314,82.76472678623425,67.11929677819934,i
41.0,71.449282711585,61.66036003787198,i
2.0,60.802960454241045,59.20304046246274,i
62.00806399170998,102.23991392797629,76.55063683601855,i
51.24451190127583,0.0,51.24451190127583,i
49.8196748283246,84.59905436823747,65.49045732013177,i
61.40032573203501,6.0,56.72741841473134,i
31.144823004794873,52.20153254455275,46.87216658103186,i
51.24451190127583,88.32326986700618,74.33034373659252,i
85.38149682454625,66.73080248281148,52.20153254455275,i
59.07622195096772,71.78439941937245,43.60045871318328,i
56.04462507680822,68.59300255857006,34.52535300326414,i
36.24913792078372,66.52818951391959,62.0966987850401,i
35.73513677041127,39.56008088970496,54.12947441089743,i
48.373546489791295,43.104524124504614,66.52818951391959,i
0.0,73.66138744281159,73.66138744281159,i
47.853944456021594,49.16299421312742,54.70831746635972,i
57.706152185014034,50.0,55.94640292279746,i
53.31041174104736,3.0,50.566787519082126,i
76.69419795525604,76.69419795525604,0.0,i
87.09190547921202,128.16005617976296,59.07622195096772,i
54.12947441089743,49.4064773081425,26.248809496813376,i
67.89698078707183,53.23532661682466,97.01546268507923,i
18.0,18.027756377319946,36.013886210738214,i
78.24321056807422,43.829214001622255,86.97700845625813,i
1.0,50.0,50.96076922496363,i
42.5205832509386,54.56189146281496,22.47220505424423,i
50.695167422546305,86.97700845625813,81.39410298049853,i
50.44799302251776,52.839379254491625,38.118237105091836,i
74.41102068914255,74.41102068914255,0.0,i
50.44799302251776,50.44799302251776,0.0,i
74.14849964766651,81.04936767180853,7.0,i
81.40024569987489,76.69419795525604,6.0,i
102.96115772464877,56.938563381947034,133.19534526401438,i
40.162171256046406,50.21951811795888,26.40075756488817,i
1.0,57.4543296888929,56.60388679233962,i
214.3361845326169,125.00399993600205,105.6882207249228,i
50.96076922496363,0.0,50.96076922496363,i
32.14031735997639,52.20153254455275,39.01281840626232,i
5.830951894845301,49.01020301937138,44.04543109109048,i
69.29646455628166,35.6931365951495,57.723478758647246,i
49.64876634922564,117.98728745080972,119.33985084622823,i
60.802960454241045,33.83784863137726,49.9799959983992,i
30.265491900843113,50.60632371551998,48.25971404805462,i
20.024984394500787,15.033296378372908,5.0,i
49.39635614091387,52.92447448959697,46.52956049652737,i
60.802960454241045,47.50789408087881,74.21590126111789,i
59.405386961116584,60.21627686929839,1.0,i
83.81527307120105,21.095023109728988,84.86459803710851,i
0.0,75.16648189186454,75.16648189186454,i
38.0,150.02999700059985,112.04017136723775,i
101.59724405711013,49.47726750741192,141.90842117365693,i
1.0,129.61867149450345,130.5450113945378,i
54.12947441089743,35.510561809129406,60.90155991434045,i
46.75467891024384,48.507731342539614,45.31004303683677,i
52.92447448959697,48.76474136094644,76.05918747922567,i
21.02379604162864,48.093658625644196,42.15447781671598,i
67.20863039818622,171.10523077919038,132.18925826253812,i
39.319206502675,51.264022471905186,47.853944456021594,i
108.0,55.00909015790027,96.38464608017192,i
35.38361202590826,25.019992006393608,55.00909015790027,i
54.12947441089743,56.85068161420758,68.24954212300622,i
55.00909015790027,102.0,136.12494260788506,i
17.46424919657298,49.040799340956916,50.0,i
20.808652046684813,141.7391971192161,154.49595463959565,i
69.31810730249349,50.59644256269407,49.040799340956916,i
49.0,31.0,18.0,i
48.83646178829912,49.16299421312742,39.21734310225516,i
26.0,108.67382389517726,109.88175462741756,i
61.71709649683789,73.02739212103907,59.07622195096772,i
95.524865872714,49.24428900898052,92.19544457292888,i
37.48332962798263,39.66106403010388,49.49747468305833,i
50.44799302251776,32.64965543462902,38.01315561749642,i
59.405386961116584,60.21627686929839,1.0,i
32.01562118716424,65.85590330410783,55.02726596879042,i
50.21951811795888,39.84971769034255,61.40032573203501,i
42.0,11.0,31.0,i
71.58910531638176,48.84669896727925,52.92447448959697,i
58.52349955359813,2.0,56.859475903318,i
55.072679252057455,24.596747752497688,61.40032573203501,i
37.05401462729781,81.00617260431454,87.66413177577246,i
2.0,61.71709649683789,63.25345840347388,i
64.03124237432849,88.50988645343524,50.21951811795888,i
2.0,16.1245154965971,18.110770276274835,i
55.47071299343465,0.0,55.47071299343465,i
66.73080248281148,51.54609587543949,49.8196748283246,i
49.0,25.0,24.0,i
60.21627686929839,48.76474136094644,27.202941017470888,i
50.695167422546305,2.0,48.76474136094644,i
48.83646178829912,50.21951811795888,37.21558813185679,i
117.6860229593982,92.17917335276988,55.47071299343465,i
56.0357029044876,128.9961239727768,95.01578816175763,i
89.35882720806042,6.0,83.38465086573187,i
47.51841748206689,26.92582403567252,41.14608122288197,i
9.055385138137417,33.0,42.01190307520001,i
123.1665539016173,122.24974437601087,1.0,i
70.00714249274856,136.61991070118586,93.23089616645332,i
60.802960454241045,43.41658669218482,64.76109943476871,i
41.72529209005013,40.01249804748511,29.732137494637012,i
50.21951811795888,44.384682042344295,49.678969393496885,i
85.58621384311844,66.61080993352356,57.982756057296896,i
154.00324671902212,87.0,76.69419795525604,i
64.53681120105021,64.53681120105021,0.0,i
80.7093550959243,4.0,83.00602387778854,i
63.89053137985315,58.18934610390462,33.1058907144937,i
60.802960454241045,0.0,60.802960454241045,i
38.3275357934736,29.546573405388315,51.86520991955976,i
65.85590330410783,65.85590330410783,0.0,i
49.24428900898052,53.71219600798314,32.64965543462902,i
52.92447448959697,53.225933528685054,43.01162633521314,i
29.154759474226502,26.1725046566048,3.0,i
45.5411901469428,22.80350850198276,49.49747468305833,i
56.43580423808985,1.0,55.569775957799216,i
49.0,55.44366510251645,35.510561809129406,i
94.04786015641186,63.51377803280167,63.25345840347388,i
49.49747468305833,38.07886552931954,16.1245154965971,i
53.85164807134504,3.0,56.43580423808985,i
0.0,106.00471687618433,106.00471687618433,i
67.20863039818622,86.83317338436964,30.805843601498726,i
1.0,61.84658438426491,62.625873247404705,i
37.44329045369811,53.31041174104736,18.0,i
39.92492955535426,2.0,38.07886552931954,i
26.1725046566048,48.041648597857254,34.48187929913333,i
50.695167422546305,77.46612162745726,71.58910531638176,i
51.86520991955976,21.18962010041709,37.64306044943742,i
121.39604606411199,109.88175462741756,50.44799302251776,i
29.068883707497267,29.732137494637012,52.92447448959697,i
54.12947441089743,60.166435825965294,87.46427842267951,i
44.181444068749045,56.43580423808985,47.75981574503821,i
49.64876634922564,48.25971404805462,24.041630560342615,i
51.54609587543949,28.071337695236398,48.507731342539614,i
50.44799302251776,55.226805085936306,31.38470965295043,i
55.362442142665635,55.94640292279746,84.50443775329198,i
1.0,95.524865872714,96.38464608017192,i
46.17358552246078,44.28317965096906,51.62363799656123,i
74.21590126111789,36.05551275463989,70.76722405181653,i
22.02271554554524,26.019223662515376,4.0,i
49.040799340956916,73.05477397131553,71.5122367151245,i
59.07622195096772,59.07622195096772,0.0,i
7.0,31.016124838541646,24.020824298928627,i
57.4543296888929,41.182520563948,29.614185789921695,i
39.319206502675,27.85677655436824,53.31041174104736,i
49.49747468305833,20.615528128088304,37.107950630558946,i
19.1049731745428,49.040799340956916,49.25444142409901,i
148.32734070291963,0.0,148.32734070291963,i
48.703182647543684,51.54609587543949,3.0,i
90.35485598461214,49.0,80.30566605165541,i
50.566787519082126,53.0,49.01020301937138,i
51.24451190127583,69.0,97.24710792614863,i
47.265209192385896,105.09519494249011,89.0,i
56.859475903318,3.0,58.60034129593445,i
15.811388300841896,47.16990566028302,49.040799340956916,i
71.449282711585,41.400483088968905,88.32326986700618,i
54.56189146281496,118.10588469674151,103.78824596263297,i
49.01020301937138,37.013511046643494,12.0,i
49.4064773081425,21.540659228538015,58.52349955359813,i
57.982756057296896,0.0,57.982756057296896,i
107.78682665335315,60.802960454241045,147.46185947559457,i
23.345235059857504,33.24154027718932,50.695167422546305,i
50.96076922496363,49.33558553417604,2.23606797749979,i
80.60397012554654,80.60397012554654,0.0,i
53.71219600798314,46.87216658103186,28.600699292150182,i
37.36308338453881,52.55473337388365,42.5440947723653,i
57.982756057296896,17.0,51.73973328110612,i
41.617304093369626,90.2551937563706,81.40024569987489,i
39.11521443121589,43.08131845707603,52.55473337388365,i
48.46648326421054,4.0,52.20153254455275,i
73.87827826905551,5.0,70.09279563550022,i
98.97979591815695,98.97979591815695,0.0,i
46.14108798023731,13.45362404707371,50.695167422546305,i
40.52159917870962,29.732137494637012,51.86520991955976,i
2.0,49.36598018878993,47.38143096192854,i
46.2709412050371,7.0,53.23532661682466,i
55.94640292279746,25.0,51.03920062069938,i
45.044422518220834,48.27007354458868,33.95585369269929,i
65.85590330410783,0.0,65.85590330410783,i
49.03060268852505,46.861498055439924,31.622776601683793,i
78.84795495128583,63.25345840347388,45.60701700396552,i
109.5673308974897,11.0,105.1094667477673,i
55.00909015790027,24.413111231467404,48.60041152089147,i
88.75246475450696,0.0,88.75246475450696,i
18.027756377319946,11.0,29.017236257093817,i
117.42657280190033,108.46197490364999,9.0,i
49.040799340956916,34.92849839314596,52.009614495783374,i
106.89246933250256,106.89246933250256,0.0,i
38.2099463490856,23.0,56.43580423808985,i
70.8590149522275,214.39449619801343,149.27156460625713,i
54.12947441089743,34.058772731852805,48.27007354458868,i
44.01136216933077,48.010415536631214,4.0,i
51.35172830587107,5.0,56.32051136131489,i
23.08679276123039,57.982756057296896,67.62396025078685,i
50.21951811795888,40.19950248448356,68.01470429252781,i
87.92041856133307,0.0,87.92041856133307,i
47.01063709417264,52.20153254455275,39.05124837953327,i
76.96752561957543,113.28283188550682,64.53681120105021,i
41.10960958218893,109.11003620199197,80.60397012554654,i
49.01020301937138,30.083217912982647,21.93171219946131,i
51.54609587543949,31.064449134018133,23.021728866442675,i
49.01020301937138,54.20332093147061,52.80151512977634,i
76.69419795525604,1.0,76.05918747922567,i
60.0,51.86520991955976,19.026297590440446,i
37.64306044943742,52.92447448959697,67.67569726275453,i
34.9857113690718,68.42514157822401,57.982756057296896,i
66.76076692189807,61.773780845922005,50.00999900019995,i
51.24451190127583,29.410882339705484,40.607881008493905,i
58.52349955359813,28.284271247461902,41.677331968349414,i
91.21951545584969,88.75246475450696,165.55965692160635,i
58.52349955359813,113.0,153.05554547287727,i
29.832867780352597,43.68065933568311,51.86520991955976,i
2.0,94.51454914456292,95.524865872714,i
125.92458060283545,125.00399993600205,1.0,i
43.382023926967726,31.016124838541646,41.7612260356422,i
24.041630560342615,50.44799302251776,43.41658669218482,i
56.142675390472796,59.07622195096772,50.53711507397311,i
40.496913462633174,57.0701322935211,64.53681120105021,i
26.1725046566048,51.54609587543949,31.144823004794873,i
16.492422502470642,58.52349955359813,48.83646178829912,i
93.81364506296512,15.0,81.40024569987489,i
68.59300255857006,64.4437739428721,6.0,i
62.00806399170998,0.0,62.00806399170998,i
51.884487084291386,49.0,52.354560450833695,i
17.0,50.00999900019995,49.49747468305833,i
65.85590330410783,19.4164878389476,56.60388679233962,i
49.36598018878993,23.430749027719962,32.28002478313795,i
49.64876634922564,45.35416188179427,52.3450093132096,i
41.0,25.0,16.0,i
117.71151175649729,111.80339887498948,6.0,i
60.802960454241045,60.802960454241045,0.0,i
33.83784863137726,48.25971404805462,31.240998703626616,i
60.21627686929839,62.5859409132754,43.60045871318328,i
63.89053137985315,0.0,63.89053137985315,i
54.12947441089743,54.12947441089743,0.0,i
57.982756057296896,138.75518008348374,109.38464243210744,i
67.11929677819934,65.73431371817918,47.265209192385896,i
12.0,49.0,37.0,i
51.088159097779204,65.19202405202648,83.54639429682169,i
81.40024569987489,30.265491900843113,71.56814934033156,i
48.373546489791295,62.00806399170998,25.317977802344327,i
51.86520991955976,39.0,53.71219600798314,i
52.20153254455275,38.47076812334269,34.88552708502482,i
47.265209192385896,56.938563381947034,47.53945729601885,i
49.49747468305833,35.35533905932738,40.0,i
80.0,3.0,77.62087348130012,i
61.05735008989499,46.52956049652737,60.63827174318213,i
94.13288479590966,64.53681120105021,68.11754546370561,i
100.72239075796404,95.60334722173695,23.345235059857504,i
48.41487374764082,11.0,57.4543296888929,i
60.802960454241045,60.802960454241045,0.0,i
65.0,45.79301256742124,53.31041174104736,i
29.068883707497267,55.00909015790027,36.013886210738214,i
90.4267659490264,94.66784036831093,5.0,i
58.249463516842795,1.0,59.07622195096772,i
47.70744176750625,63.25345840347388,23.0,i
17.0,115.35163631262454,98.41239759298622,i
76.69419795525604,3.0,74.41102068914255,i
51.86520991955976,38.27531841800928,41.6293165929973,i
49.47726750741192,47.885279575251516,35.510561809129406,i
31.38470965295043,61.40032573203501,52.92447448959697,i
45.803929962395145,23.08679276123039,57.4543296888929,i
59.64059020499378,39.20459156782532,39.293765408777,i
37.0,24.413111231467404,49.64876634922564,i
63.89053137985315,47.20169488482379,69.87131027825369,i
50.695167422546305,50.695167422546305,0.0,i
30.610455730027933,34.48187929913333,49.49747468305833,i
57.982756057296896,56.753854494650845,42.43819034784589,i
49.49747468305833,52.32590180780452,30.066592756745816,i
49.76946855251722,60.03332407921454,49.36598018878993,i
16.0,58.249463516842795,68.59300255857006,i
72.18032973047436,57.97413216254298,114.17968295629481,i
76.69419795525604,71.449282711585,7.0,i
62.625873247404705,26.419689627245813,58.137767414994535,i
275.9601420495358,151.16216457830973,134.5362404707371,i
48.38388161361178,53.71219600798314,41.617304093369626,i
55.94640292279746,35.805027579936315,28.071337695236398,i
40.311288741492746,40.80441152620633,54.12947441089743,i
25.80697580112788,59.64059020499378,56.43580423808985,i
0.0,55.94640292279746,55.94640292279746,i
82.20097323024831,4.0,85.44588931013593,i
56.43580423808985,37.64306044943742,25.019992006393608,i
87.66413177577246,10.0,77.87810988975015,i
74.41102068914255,17.0,62.625873247404705,i
50.96076922496363,4.0,52.20153254455275,i
90.4267659490264,90.4267659490264,0.0,i
83.24061508662703,43.60045871318328,66.52818951391959,i
59.64059020499378,48.41487374764082,64.93843238021688,i
57.4543296888929,64.03124237432849,58.008620049092706,i
53.25410782277739,50.44799302251776,37.21558813185679,i
59.93329625508679,45.27692569068709,51.24451190127583,i
44.77722635447622,35.35533905932738,54.56189146281496,i
62.76941930590086,46.2709412050371,57.38466694161429,i
55.0,59.07622195096772,5.0,i
54.644304369257,30.805843601498726,52.92447448959697,i
65.19202405202648,55.80322571321482,76.10519036176179,i
47.51841748206689,67.68308503607086,79.7057087039567,i
59.07622195096772,82.34682750416071,44.598206241955516,i
49.64876634922564,40.11234224026316,56.0357029044876,i
48.104053883222775,4.0,51.86520991955976,i
41.6293165929973,48.662100242385755,13.45362404707371,i
0.0,52.20153254455275,52.20153254455275,i
42.80186911806539,50.92150822589606,27.80287754891569,i
47.92702786528704,30.59411708155671,62.00806399170998,i
89.69392398596462,76.69419795525604,18.24828759089466,i
172.80046296234278,13.0,160.3527361787132,i
49.76946855251722,3.0,52.55473337388365,i
67.20863039818622,88.54377448471462,131.68523075880606,i
63.89053137985315,46.75467891024384,73.348483283569,i
32.28002478313795,60.21627686929839,47.53945729601885,i
49.36598018878993,39.293765408777,19.4164878389476,i
68.59300255857006,5.0,65.11528238439882,i
67.26812023536856,107.01868995647442,57.982756057296896,i
48.83646178829912,21.02379604162864,34.132096331752024,i
46.09772228646444,63.12685640834652,44.04543109109048,i
82.92767933567175,3.0,84.62860036654276,i
55.54277630799526,49.0,64.89992295835181,i
77.46612162745726,30.610455730027933,82.86132994346639,i
39.698866482558415,49.64876634922564,38.948684188300895,i
87.92041856133307,1.0,87.36704184073076,i
49.33558553417604,56.43580423808985,43.04648650006177,i
32.2490309931942,56.938563381947034,45.09988913511872,i
1.0,139.51702405083043,139.86421987055874,i
54.56189146281496,54.56189146281496,0.0,i
96.15092303249095,57.3149195236284,56.938563381947034,i
201.06217943710845,200.09247861926244,1.0,i
56.356011214421486,64.53681120105021,94.83142938920619,i
70.00714249274856,2.0,68.62215385719105,i
53.225933528685054,52.354560450833695,32.526911934581186,i
72.91776189653656,72.91776189653656,0.0,i
55.00909015790027,69.1158447825099,62.93647591023825,i
49.25444142409901,42.7551166528639,14.7648230602334,i
50.44799302251776,20.518284528683193,35.12833614050059,i
17.029386365926403,61.40032573203501,49.678969393496885,i
49.49747468305833,72.99315036357864,74.79304780526061,i
59.07622195096772,37.48332962798263,40.80441152620633,i
50.566787519082126,53.31041174104736,3.0,i
50.24937810560445,49.72926703662542,27.784887978899608,s
52.0,52.3450093132096,52.80151512977634,s
48.373546489791295,19.924858845171276,48.877397639399746,s
59.665735560705194,11.045361017187261,66.52818951391959,s
24.0,49.0,25.0,s
50.44799302251776,48.104053883222775,47.12748667179272,s
39.45883931389772,40.26164427839479,59.07622195096772,s
49.64876634922564,3.0,46.69047011971501,s
54.56189146281496,6.708203932499369,54.91812087098393,s
377.0,134.73678042761748,506.0049406873415,s
74.41102068914255,74.72616676907762,33.12099032335839,s
49.8196748283246,62.12889826803627,62.81719509815764,s
56.938563381947034,56.938563381947034,0.0,s
65.19202405202648,65.19202405202648,0.0,s
109.48059188732951,65.52098900352466,64.53681120105021,s
26.40075756488817,26.248809496813376,49.09175083453431,s
7.0,117.6860229593982,111.35977729862789,s
54.56189146281496,54.405882034941776,26.248809496813376,s
68.15423684555495,68.9492567037528,49.040799340956916,s
48.41487374764082,40.70626487409524,49.040799340956916,s
64.93843238021688,50.21951811795888,65.21502894272147,s
77.46612162745726,78.10889834071403,136.13228860193308,s
1.0,56.938563381947034,57.4543296888929,s
38.07886552931954,48.662100242385755,38.28837943815329,s
78.24321056807422,45.31004303683677,78.31347265956222,s
21.93171219946131,57.4543296888929,57.201398584300364,s
51.54609587543949,39.698866482558415,51.42956348249516,s
72.91776189653656,0.0,72.91776189653656,s
65.0,62.03224967708329,127.01574705523721,s
53.225933528685054,29.068883707497267,53.53503525729669,s
54.230987451824994,54.70831746635972,49.09175083453431,s
0.0,89.58794561770016,89.58794561770016,s
49.92995093127971,14.7648230602334,50.96076922496363,s
38.600518131237564,146.44111444536333,149.4824404403407,s
37.33630940518894,37.64306044943742,54.56189146281496,s
80.22468448052632,45.880278987817846,80.60397012554654,s
59.413803110051795,61.40032573203501,47.41307836451879,s
49.39635614091387,49.01020301937138,48.76474136094644,s
72.24956747275377,72.80109889280519,5.656854249492381,s
52.55473337388365,53.41348144429457,52.46903848937962,s
17.804493814764857,69.46221994724903,69.29646455628166,s
89.19641248391103,57.245087125446844,57.4543296888929,s
67.88225099390856,54.56189146281496,24.020824298928627,s
0.0,64.53681120105021,64.53681120105021,s
43.04648650006177,26.0,69.02897942168927,s
48.27007354458868,41.23105625617661,39.92492955535426,s
49.01020301937138,8.0,41.012193308819754,s
34.828149534535996,51.54609587543949,50.774009099144415,s
54.48853090330111,54.56189146281496,15.811388300841896,s
0.0,73.66138744281159,73.66138744281159,s
51.15662224971465,55.00909015790027,51.97114584074513,s
59.941638282582836,60.802960454241045,27.018512172212592,s
48.27007354458868,50.99019513592785,50.695167422546305,s
50.44799302251776,29.410882339705484,29.698484809834994,s
26.076809620810597,49.36598018878993,24.351591323771842,s
40.26164427839479,41.78516483155236,54.56189146281496,s
50.00999900019995,50.21951811795888,39.81205847478876,s
0.0,69.29646455628166,69.29646455628166,s
62.39390995922599,62.00806399170998,99.45853407325085,s
80.65358020571685,49.01020301937138,80.0812087820857,s
55.47071299343465,15.0,55.17245689653489,s
49.49747468305833,49.24428900898052,55.90169943749474,s
59.20304046246274,40.80441152620633,59.07622195096772,s
49.47726750741192,48.83646178829912,3.0,s
49.64876634922564,49.64876634922564,8.246211251235321,s
52.20153254455275,50.774009099144415,45.39823785126467,s
47.095647357266465,33.421549934136806,31.89043743820395,s
1.0,65.19202405202648,64.4437739428721,s
72.67048919609665,10.63014581273465,72.18032973047436,s
211.51832071950648,219.31712199461307,8.0,s
159.0,577.914353516159,736.5011880506372,s
35.0,8.0,43.0,s
47.29693436154187,48.41487374764082,51.54609587543949,s
13.416407864998739,50.96076922496363,50.24937810560445,s
62.625873247404705,41.0,39.81205847478876,s
51.0,50.44799302251776,12.649110640673518,s
55.47071299343465,12.206555615733702,55.31726674375732,s
25.0,24.0,49.0,s
53.0,44.181444068749045,51.54609587543949,s
55.072679252057455,1.0,55.94640292279746,s
54.12947441089743,53.9351462406472,49.20365840057018,s
59.64059020499378,59.64059020499378,0.0,s
103.04368005850722,47.53945729601885,103.3537614216338,s
51.97114584074513,8.94427190999916,52.20153254455275,s
31.144823004794873,50.21951811795888,30.463092423455635,s
69.26037828369117,51.62363799656123,52.80151512977634,s
74.41102068914255,1.0,73.66138744281159,s
25.495097567963924,48.16637831516918,47.853944456021594,s
26.92582403567252,48.83646178829912,48.76474136094644,s
35.12833614050059,5.0,40.11234224026316,s
26.40075756488817,26.92582403567252,49.01020301937138,s
46.95742752749558,47.20169488482379,49.16299421312742,s
47.042533945356304,30.4138126514911,31.400636936215164,s
93.96275858019496,24.596747752497688,92.9623579735368,s
5.0,50.635955604688654,45.70557952810576,s
73.78346698278686,70.00714249274856,112.36102527122117,s
53.823786563191554,10.295630140987,53.71219600798314,s
42.720018726587654,51.86520991955976,44.10215414239989,s
52.55473337388365,30.59411708155671,31.400636936215164,s
55.94640292279746,55.758407437802596,76.40026177965623,s
57.4543296888929,56.356011214421486,83.24061508662703,s
63.25345840347388,60.83584469702052,97.74456506629922,s
43.965895873961216,56.938563381947034,42.579337712087536,s
55.47071299343465,10.295630140987,56.22277118748239,s
52.92447448959697,37.33630940518894,39.0,s
47.67598976424087,5.0,42.7551166528639,s
11.661903789690601,55.47071299343465,56.08029957123981,s
50.21951811795888,31.016124838541646,29.732137494637012,s
65.73431371817918,66.52818951391959,114.17968295629481,s
55.31726674375732,48.507731342539614,48.25971404805462,s
45.60701700396552,44.10215414239989,52.92447448959697,s
12.083045973594572,103.24727599312246,103.3537614216338,s
51.07837115648854,50.695167422546305,7.280109889280518,s
50.21951811795888,49.92995093127971,38.63935817272331,s
49.64876634922564,30.4138126514911,49.49747468305833,s
59.54829972383762,49.040799340956916,48.05205510693585,s
119.03780911962384,78.00640999302557,74.41102068914255,s
60.802960454241045,41.012193308819754,48.25971404805462,s
60.802960454241045,60.802960454241045,0.0,s
49.09175083453431,49.24428900898052,27.65863337187866,s
13.038404810405298,53.71219600798314,53.41348144429457,s
62.00806399170998,61.26989472816156,27.80287754891569,s
50.21951811795888,49.01020301937138,10.0,s
50.21951811795888,52.32590180780452,34.058772731852805,s
49.8196748283246,47.042533945356304,60.440052945046304,s
46.04345773288535,45.35416188179427,52.20153254455275,s
21.95449840010015,215.23243250030885,226.17913254763357,s
56.32051136131489,6.0,50.35871324805669,s
79.02531240052139,50.0,50.44799302251776,s
49.36598018878993,18.0,50.44799302251776,s
52.009614495783374,52.55473337388365,15.264337522473747,s
41.23105625617661,42.485291572496,3.0,s
2.0,24.186773244895647,26.1725046566048,s
50.00999900019995,44.82186966202994,49.658836071740545,s
27.313000567495326,27.784887978899608,49.09175083453431,s
83.81527307120105,83.81527307120105,0.0,s
54.644304369257,49.0,48.46648326421054,s
38.41874542459709,48.83646178829912,37.589892258425,s
59.07622195096772,59.07622195096772,0.0,s
63.25345840347388,63.25345840347388,0.0,s
45.35416188179427,49.57822102496216,49.24428900898052,s
50.00999900019995,77.62087348130012,51.0098029794274,s
55.94640292279746,55.94640292279746,0.0,s
47.853944456021594,56.85068161420758,45.09988913511872,s
107.11675872616759,89.1403387922662,18.0,s
45.60701700396552,46.22769732530488,50.28916384272063,s
129.28263611173776,72.91776189653656,72.78049189171504,s
63.25345840347388,94.2019108086455,62.96824596572466,s
49.36598018878993,49.33558553417604,62.96824596572466,s
54.12947441089743,43.93176527297759,44.721359549995796,s
62.81719509815764,142.12670403551894,91.26883367283708,s
51.54609587543949,65.92419889539804,51.0,s
50.21951811795888,57.48912940721924,48.25971404805462,s
116.77756633874505,63.89053137985315,65.0,s
50.0,50.96076922496363,1.0,s
5.0,49.16299421312742,49.8196748283246,s
115.57248807566617,113.1591799192624,32.31098884280702,s
79.60527620704548,15.811388300841896,79.02531240052139,s
100.62305898749054,32.89376840679705,100.72239075796404,s
29.732137494637012,29.832867780352597,51.24451190127583,s
48.010415536631214,49.01020301937138,1.0,s
57.0087712549569,50.21951811795888,50.47771785649585,s
35.34119409414458,35.4400902933387,53.71219600798314,s
49.040799340956916,6.0,43.04648650006177,s
47.53945729601885,41.23105625617661,48.33218389437829,s
45.34313619501854,49.39635614091387,49.47726750741192,s
50.92150822589606,47.80167361086848,47.07440918375928,s
52.20153254455275,9.433981132056603,51.10772935672255,s
32.7566787083184,33.24154027718932,52.55473337388365,s
112.72976536833562,109.12378292562992,4.0,s
50.21951811795888,22.02271554554524,32.14031735997639,s
51.54609587543949,37.57658845611187,37.589892258425,s
33.61547262794322,51.24451190127583,33.28663395418648,s
54.56189146281496,54.56189146281496,0.0,s
59.64059020499378,59.81638571495272,17.69180601295413,s
75.23961722390672,23.021728866442675,74.41102068914255,s
55.47071299343465,41.0,42.37924020083418,s
50.21951811795888,66.52818951391959,60.13318551349163,s
50.21951811795888,52.3450093132096,50.695167422546305,s
49.040799340956916,56.85068161420758,47.80167361086848,s
53.31041174104736,30.0,28.319604517012593,s
49.16299421312742,58.83026432033091,49.39635614091387,s
49.040799340956916,34.785054261852174,49.040799340956916,s
55.00909015790027,26.248809496813376,55.21775076911409,s
52.478567053607705,8.94427190999916,52.55473337388365,s
48.093658625644196,56.61271941887264,51.24451190127583,s
57.30619512757761,56.08029957123981,49.040799340956916,s
49.25444142409901,19.924858845171276,49.24428900898052,s
55.94640292279746,3.605551275463989,55.758407437802596,s
83.81527307120105,82.05485969764375,48.08326112068523,s
48.27007354458868,59.23681287847955,50.60632371551998,s
56.43580423808985,48.75448697299562,49.25444142409901,s
72.91776189653656,0.0,72.91776189653656,s
45.09988913511872,4.0,41.10960958218893,s
53.85164807134504,5.830951894845301,54.12947441089743,s
68.59300255857006,8.48528137423857,69.02897942168927,s
51.24451190127583,51.24451190127583,0.0,s
53.907327887774215,53.31041174104736,16.1245154965971,s
74.16872656315464,59.464274989274024,59.64059020499378,s
32.01562118716424,48.16637831516918,48.25971404805462,s
18.973665961010276,48.373546489791295,48.373546489791295,s
49.39635614091387,50.21951811795888,38.600518131237564,s
53.71219600798314,54.20332093147061,66.94027188471824,s
111.46299834474219,31.622776601683793,110.92339699089638,s
52.20153254455275,52.20153254455275,46.69047011971501,s
44.77722635447622,62.625873247404705,61.814237842102365,s
54.56189146281496,55.02726596879042,82.0792300158816,s
67.23094525588644,67.20863039818622,19.209372712298546,s
48.02082881417188,46.61544808322666,43.04648650006177,s
38.8329756778952,3.0,41.773197148410844,s
52.20153254455275,13.416407864998739,52.43090691567332,s
62.96824596572466,5.0,62.625873247404705,s
49.64876634922564,49.49747468305833,58.69412236331676,s
49.25444142409901,99.62429422585637,100.2845950283492,s
50.20956084253277,24.698178070456937,50.96076922496363,s
18.439088914585774,49.8196748283246,45.89117562233506,s
54.12947441089743,54.12947441089743,0.0,s
50.96076922496363,50.24937810560445,49.47726750741192,s
0.0,50.00999900019995,50.00999900019995,s
61.84658438426491,62.00806399170998,40.496913462633174,s
56.71860364994893,53.31041174104736,53.150729063673246,s
55.94640292279746,56.43580423808985,93.02150289046077,s
63.89053137985315,3.0,61.61980201201558,s
52.92447448959697,53.53503525729669,49.16299421312742,s
66.52818951391959,66.52818951391959,0.0,s
16.15549442140351,102.7861858422619,103.3537614216338,s
57.14017850864661,100.62305898749054,59.07622195096772,s
142.67795905464865,143.02796929272262,25.96150997149434,s
57.697486947006624,49.24428900898052,49.8196748283246,s
142.1724305201258,50.21951811795888,148.4082207965583,s
56.00892785976178,56.60388679233962,55.47071299343465,s
7.0710678118654755,269.3120866207085,262.6118809193522,s
49.72926703662542,56.72741841473134,50.24937810560445,s
19.026297590440446,49.49747468305833,49.47726750741192,s
65.85590330410783,114.79111463872106,66.2872536767062,s
86.2670273047588,86.2670273047588,0.0,s
55.94640292279746,43.657759905886145,42.7551166528639,s
50.0,51.0,38.118237105091836,s
6.0,100.72239075796404,95.524865872714,s
32.2490309931942,33.24154027718932,54.56189146281496,s
23.08679276123039,113.1591799192624,112.29425630903836,s
37.013511046643494,17.72004514666935,36.71511950137164,s
48.877397639399746,44.94441010848846,49.16299421312742,s
82.20097323024831,82.20097323024831,0.0,s
53.71219600798314,51.40038910358559,53.600373133029585,s
33.54101966249684,55.00909015790027,34.36568055487916,s
49.49747468305833,30.4138126514911,49.64876634922564,s
122.0,71.30918594402827,72.91776189653656,s
30.14962686336267,34.132096331752024,4.0,s
48.041648597857254,54.20332093147061,53.31041174104736,s
61.40032573203501,40.11234224026316,46.09772228646444,s
88.75246475450696,0.0,88.75246475450696,s
121.03718436910205,43.56604182158393,120.81390648431164,s
60.959002616512684,59.64059020499378,80.50465825031493,s
43.104524124504614,57.4543296888929,47.80167361086848,s
7.0,63.25345840347388,58.0,s
7.0,64.32728814430156,71.19691004531025,s
49.64876634922564,49.25444142409901,13.0,s
59.23681287847955,49.040799340956916,48.02082881417188,s
49.20365840057018,48.83646178829912,22.847319317591726,s
5.0,45.39823785126467,50.35871324805669,s
50.695167422546305,12.0,49.01020301937138,s
30.4138126514911,29.546573405388315,49.8196748283246,s
49.16299421312742,44.181444068749045,5.0,s
106.00471687618433,106.00471687618433,0.0,s
56.61271941887264,57.688820407423826,49.36598018878993,s
39.66106403010388,60.802960454241045,60.166435825965294,s
75.16648189186454,75.16648189186454,0.0,s
60.21627686929839,60.21627686929839,0.0,s
43.18564576337837,28.0,49.24428900898052,s
46.04345773288535,45.69463863518345,16.492422502470642,s
67.17886572427373,85.0235261559999,61.40032573203501,s
49.0,31.0,18.0,s
160.90059042775448,25.0,185.77943912069495,s
54.12947441089743,53.53503525729669,70.8801805866774,s
46.84015371452148,50.20956084253277,50.00999900019995,s
14.0,49.72926703662542,36.40054944640259,s
74.41102068914255,0.0,74.41102068914255,s
8.0,66.37017402418047,74.33034373659252,s
97.29337079164233,60.37383539249432,63.12685640834652,s
52.55473337388365,56.61271941887264,52.08646657242167,s
54.56189146281496,55.97320787662612,67.08203932499369,s
39.21734310225516,39.395431207184416,53.31041174104736,s
37.013511046643494,56.938563381947034,55.71355310873648,s
53.75872022286245,83.24061508662703,52.92447448959697,s
49.09175083453431,96.6902270139025,97.082439194738,s
58.42088667591412,54.037024344425184,54.56189146281496,s
61.61980201201558,44.04543109109048,48.093658625644196,s
23.345235059857504,26.30589287593181,49.0,s
248.67649667791284,107.0,354.26684857604164,s
47.265209192385896,54.120236510939236,48.30113870293329,s
28.0178514522438,26.476404589747453,50.21951811795888,s
49.72926703662542,48.25971404805462,57.0087712549569,s
54.56189146281496,50.695167422546305,49.64876634922564,s
59.64059020499378,59.64059020499378,0.0,s
50.21951811795888,27.202941017470888,27.459060435491963,s
0.0,82.20097323024831,82.20097323024831,s
53.31041174104736,63.7808748764079,63.00793600809346,s
49.09175083453431,49.193495504995376,54.20332093147061,s
51.24451190127583,51.088159097779204,58.412327466040935,s
54.56189146281496,0.0,54.56189146281496,s
83.00602387778854,83.00602387778854,0.0,s
46.400431032480725,49.16299421312742,46.06517122512408,s
27.51363298439521,49.25444142409901,26.92582403567252,s
29.068883707497267,2.0,27.073972741361768,s
55.65968020030299,47.51841748206689,54.91812087098393,s
48.373546489791295,60.207972893961475,47.75981574503821,s
65.36818798161687,50.00999900019995,49.9799959983992,s
52.69724850502159,37.0,44.721359549995796,s
58.69412236331676,67.36467917239716,55.47071299343465,s
19.0,28.30194339616981,15.811388300841896,s
62.289646009589745,62.00806399170998,10.63014581273465,s
1.0,93.81364506296512,94.66784036831093,s
55.47071299343465,55.47071299343465,0.0,s
86.97700845625813,49.0,86.1278120005379,s
53.31041174104736,41.0,52.92447448959697,s
95.524865872714,7.211102550927978,96.15092303249095,s
75.8023746329889,75.92759709091287,12.206555615733702,s
33.60059523282288,49.25444142409901,33.301651610693426,s
50.21951811795888,25.495097567963924,26.0,s
70.61161377563892,71.58910531638176,49.36598018878993,s
47.53945729601885,47.38143096192854,6.082762530298219,s
76.79192665899195,41.14608122288197,75.28612089887484,s
55.47071299343465,39.293765408777,37.64306044943742,s
50.59644256269407,51.07837115648854,68.94200461257273,s
50.695167422546305,29.410882339705484,30.4138126514911,s
48.041648597857254,312.70593214712125,311.0,s
38.05259518088089,52.773099207835045,50.96076922496363,s
46.14108798023731,62.625873247404705,62.64982043070834,s
105.11898020814318,150.0,237.10335299189677,s
38.3275357934736,39.0,61.40032573203501,s
4.0,48.46648326421054,52.20153254455275,s
59.0,97.0051545022222,156.00320509528,s
50.695167422546305,48.76474136094644,49.51767361255979,s
49.24428900898052,16.15549442140351,49.39635614091387,s
48.82622246293481,48.662100242385755,37.73592452822641,s
29.068883707497267,30.0,53.71219600798314,s
49.51767361255979,28.653097563788805,49.24428900898052,s
49.8196748283246,56.568542494923804,49.8196748283246,s
48.662100242385755,50.60632371551998,50.92150822589606,s
58.52349955359813,48.041648597857254,49.64876634922564,s
42.01190307520001,34.0147027033899,8.0,s
52.20153254455275,53.31041174104736,44.68780594300866,s
49.64876634922564,51.24451190127583,31.064449134018133,s
49.25444142409901,63.8200595424354,48.507731342539614,s
216.72332592501436,63.12685640834652,172.18594600024707,s
0.0,63.25345840347388,63.25345840347388,s
89.06739021662193,52.3450093132096,55.47071299343465,s
47.92702786528704,48.16637831516918,49.4064773081425,s
2.0,32.7566787083184,34.713109915419565,s
50.15974481593781,30.066592756745816,49.03060268852505,s
55.00909015790027,45.5411901469428,46.51881339845203,s
48.104053883222775,49.64876634922564,50.44799302251776,s
50.695167422546305,26.627053911388696,27.073972741361768,s
55.94640292279746,55.94640292279746,0.0,s
59.0,59.64059020499378,55.00909015790027,s
50.96076922496363,51.54609587543949,30.0,s
88.75246475450696,34.92849839314596,89.62700485902673,s
49.36598018878993,30.0,54.56189146281496,s
52.88667128870941,54.037024344425184,48.83646178829912,s
59.405386961116584,59.64059020499378,1.4142135623730951,s
46.2709412050371,44.181444068749045,64.53681120105021,s
68.62215385719105,58.034472514187634,49.64876634922564,s
45.044422518220834,4.0,49.040799340956916,s
76.69419795525604,23.323807579381203,76.69419795525604,s
1.0,61.84658438426491,62.625873247404705,s
49.09175083453431,37.20215047547655,50.21951811795888,s
49.09175083453431,25.96150997149434,26.0,s
49.20365840057018,47.265209192385896,35.90264614203248,s
56.92099788303083,57.982756057296896,49.25444142409901,s
58.52349955359813,56.293871780150276,43.56604182158393,s
44.01136216933077,48.16637831516918,48.25971404805462,s
27.0,30.0,3.0,s
60.959002616512684,3.0,63.25345840347388,s
84.0535543567314,24.596747752497688,84.11896337925236,s
49.8196748283246,40.22437072223753,49.39635614091387,s
49.16299421312742,38.8329756778952,38.897300677553446,s
39.45883931389772,38.3275357934736,57.982756057296896,s
55.00909015790027,25.495097567963924,54.405882034941776,s
49.03060268852505,48.373546489791295,56.639209034025185,s
125.87692401707312,62.6418390534633,79.02531240052139,s
59.033888572581766,49.8196748283246,46.09772228646444,s
49.47726750741192,7.280109889280518,49.76946855251722,s
55.80322571321482,61.1310068623117,56.43580423808985,s
54.12947441089743,33.24154027718932,31.38470965295043,s
1.0,91.26883367283708,92.11405973031478,s
49.03060268852505,1.4142135623730951,49.8196748283246,s
65.19202405202648,3.0,62.96824596572466,s
56.43580423808985,44.553338819890925,44.94441010848846,s
59.61543424315552,60.83584469702052,49.0,s
40.85339643163099,82.20097323024831,81.74350127074322,s
50.00999900019995,34.132096331752024,34.40930106817051,s
50.99019513592785,26.627053911388696,51.54609587543949,s
48.60041152089147,37.73592452822641,49.49747468305833,s
49.36598018878993,49.20365840057018,48.84669896727925,s
50.96076922496363,42.05948168962618,44.40720662234904,s
58.52349955359813,58.60034129593445,80.23091673413684,s
379.0514476954283,20.0,359.2213802100315,s
200.12246250733574,162.15116404145854,38.0,s
106.00471687618433,106.04244433244644,21.540659228538015,s
67.468511173732,54.817880294662984,53.225933528685054,s
29.410882339705484,32.14031735997639,53.31041174104736,s
5.0,43.93176527297759,48.83646178829912,s
45.09988913511872,30.265491900843113,49.09175083453431,s
56.0357029044876,56.938563381947034,4.242640687119285,s
60.207972893961475,50.11985634456667,60.802960454241045,s
145.49914089093448,0.0,145.49914089093448,s
50.21951811795888,34.9857113690718,36.359317925395686,s
198.92712233378333,95.524865872714,114.9826073804208,s
126.49505919204908,328.87687665751145,209.80228788075692,s
51.24451190127583,50.99019513592785,50.21951811795888,s
59.64059020499378,39.319206502675,40.26164427839479,s
170.88007490635061,177.6091213873882,7.0,s
46.04345773288535,45.17742799230607,47.042533945356304,s
49.01020301937138,31.016124838541646,18.0,s
25.019992006393608,47.51841748206689,49.39635614091387,s
54.20332093147061,49.49747468305833,52.49761899362675,s
206.196508214858,216.9331694324314,11.0,s
29.698484809834994,55.569775957799216,55.94640292279746,s
47.80167361086848,33.28663395418648,49.64876634922564,s
65.19202405202648,40.311288741492746,64.53681120105021,s
72.42237223399962,54.12947441089743,53.33854141237835,s
32.01562118716424,33.60059523282288,47.265209192385896,s
54.120236510939236,54.12947441089743,2.23606797749979,s
54.56189146281496,54.67174773134658,67.468511173732,s
51.0,9.848857801796104,51.24451190127583,s
85.70297544426332,1.0,86.2670273047588,s
0.0,66.52818951391959,66.52818951391959,s
46.010868281309364,49.24428900898052,49.193495504995376,s
62.26556030423239,49.64876634922564,49.39635614091387,s
128.3160161476345,70.83078426785913,73.66138744281159,s
40.22437072223753,40.45985664828782,49.040799340956916,s
49.09175083453431,47.265209192385896,62.22539674441618,s
64.03124237432849,65.19202405202648,38.07886552931954,s
72.20110802473879,14.422205101855956,72.91776189653656,s
48.104053883222775,57.4543296888929,47.16990566028302,s
44.77722635447622,45.803929962395145,49.040799340956916,s
52.20153254455275,52.392747589718944,39.01281840626232,s
22.360679774997898,49.8196748283246,50.21951811795888,s
0.0,72.18032973047436,72.18032973047436,s
56.938563381947034,55.226805085936306,2.0,s
72.53275122315436,72.91776189653656,34.0,s
57.982756057296896,154.02921800749363,116.03878661895772,s
47.67598976424087,81.8413098624405,81.61494961096282,s
49.040799340956916,7.0,49.8196748283246,s
84.62860036654276,16.1245154965971,84.581321815162,s
53.23532661682466,52.55473337388365,70.22819946431775,s
92.9623579735368,92.9623579735368,0.0,s
66.64082832618455,25.0,66.52818951391959,s
59.64059020499378,1.0,58.82176467941097,s
319.03918254659567,223.0560467685196,96.0,s
1108.95446254569,1165.9078008144554,57.0,s
1.0,118.18629362155326,118.59595271340417,s
78.63841300535,59.54829972383762,59.07622195096772,s
0.0,81.40024569987489,81.40024569987489,s
46.69047011971501,39.6232255123179,49.8196748283246,s
154.63828762631846,154.00324671902212,1.4142135623730951,s
51.264022471905186,54.45181356024793,54.56189146281496,s
48.46648326421054,19.4164878389476,49.01020301937138,s
126.84636376341263,259.0694887477103,148.36778626103444,s
51.24451190127583,30.364452901377952,31.240998703626616,s
1.0,63.7808748764079,64.53681120105021,s
57.0701322935211,43.41658669218482,60.21627686929839,s
33.28663395418648,53.31041174104736,31.78049716414141,s
43.382023926967726,53.31041174104736,41.23105625617661,s
37.0,40.607881008493905,34.17601498127012,s
58.66856057549052,58.52349955359813,49.16299421312742,s
3.605551275463989,74.02702209328699,74.41102068914255,s
57.4543296888929,39.05124837953327,40.52159917870962,s
52.55473337388365,34.17601498127012,35.35533905932738,s
72.18032973047436,0.0,72.18032973047436,s
45.17742799230607,60.8276253029822,48.093658625644196,s
49.01020301937138,49.09175083453431,2.0,s
49.36598018878993,28.0178514522438,27.85677655436824,s
2.0,83.81527307120105,85.44588931013593,s
0.0,60.21627686929839,60.21627686929839,s
51.03920062069938,60.21627686929839,98.00510190801293,s
34.828149534535996,47.16990566028302,32.802438933713454,s
25.019992006393608,24.020824298928627,49.0,s
48.373546489791295,17.46424919657298,49.64876634922564,s
32.2490309931942,72.12489168102785,72.18032973047436,s
51.54609587543949,49.36598018878993,77.93587107359485,s
48.08326112068523,61.85466837676846,49.25444142409901,s
50.0,50.96076922496363,1.0,s
50.695167422546305,38.27531841800928,38.01315561749642,s
49.47726750741192,50.96076922496363,69.83552104767315,s
38.8329756778952,38.01315561749642,50.44799302251776,s
50.44799302251776,50.32891812864648,30.528675044947494,s
115.26057435220423,126.15070352558483,11.0,s
45.880278987817846,5.385164807134504,46.69047011971501,s
62.625873247404705,45.27692569068709,44.181444068749045,s
53.225933528685054,52.32590180780452,74.33034373659252,s
48.30113870293329,49.09175083453431,49.040799340956916,e
50.96076922496363,50.695167422546305,50.20956084253277,e
55.758407437802596,51.03920062069938,53.31041174104736,e
50.80354318352215,51.73973328110612,50.59644256269407,e
46.61544808322666,45.044422518220834,49.09175083453431,e
44.598206241955516,41.012193308819754,48.54894437575342,e
50.91168824543142,50.695167422546305,50.695167422546305,e
49.040799340956916,53.31041174104736,54.70831746635972,e
53.31041174104736,53.600373133029585,53.33854141237835,e
51.24451190127583,50.96076922496363,1.0,e
49.040799340956916,49.09175083453431,48.30113870293329,e
53.71219600798314,52.03844732503075,55.758407437802596,e
50.635955604688654,51.86520991955976,52.630789467763066,e
50.21951811795888,49.51767361255979,49.33558553417604,e
49.09175083453431,49.64876634922564,48.75448697299562,e
49.0,56.43580423808985,28.0,e
54.147945482723536,54.08326913195984,54.56189146281496,e
56.08029957123981,53.71219600798314,51.0098029794274,e
49.678969393496885,49.040799340956916,49.64876634922564,e
52.40229002629561,50.99019513592785,51.24451190127583,e
49.72926703662542,50.695167422546305,50.20956084253277,e
49.64876634922564,50.32891812864648,49.8196748283246,e
48.373546489791295,48.60041152089147,48.84669896727925,e
47.853944456021594,52.49761899362675,50.695167422546305,e
54.56189146281496,54.08326913195984,54.147945482723536,e
49.040799340956916,50.21951811795888,50.20956084253277,e
51.62363799656123,52.20153254455275,52.630789467763066,e
50.28916384272063,50.99019513592785,50.00999900019995,e
56.43580423808985,56.0,56.43580423808985,e
54.56189146281496,54.08326913195984,54.147945482723536,e
48.33218389437829,48.60041152089147,49.25444142409901,e
51.03920062069938,55.758407437802596,53.31041174104736,e
47.29693436154187,50.99019513592785,50.44799302251776,e
49.64876634922564,48.91829923454004,49.03060268852505,e
56.43580423808985,56.43580423808985,56.0,e
50.32891812864648,49.64876634922564,49.8196748283246,e
49.040799340956916,49.678969393496885,46.87216658103186,e
50.99019513592785,51.73973328110612,51.54609587543949,e
50.80354318352215,52.20153254455275,51.22499389946279,e
51.24451190127583,48.83646178829912,51.85556864985669,e
50.21951811795888,50.24937810560445,50.28916384272063,e
52.92447448959697,52.80151512977634,52.46903848937962,e
49.64876634922564,49.678969393496885,49.040799340956916,e
48.703182647543684,47.51841748206689,49.8196748283246,e
49.03060268852505,49.57822102496216,49.33558553417604,e
48.30113870293329,49.040799340956916,49.09175083453431,e
49.01020301937138,48.25971404805462,46.52956049652737,e
48.75448697299562,49.16299421312742,48.82622246293481,e
48.84669896727925,49.20365840057018,49.36598018878993,e
52.03844732503075,54.12947441089743,55.226805085936306,e
47.4236228055175,46.09772228646444,47.70744176750625,e
51.86520991955976,51.73973328110612,51.97114584074513,e
48.27007354458868,50.99019513592785,50.695167422546305,e
48.46648326421054,48.507731342539614,48.41487374764082,e
49.03060268852505,51.73973328110612,50.96076922496363,e
49.47726750741192,49.72926703662542,50.20956084253277,e
49.36598018878993,47.53945729601885,49.040799340956916,e
50.44799302251776,50.93132631298737,48.507731342539614,e
49.24428900898052,48.60041152089147,49.36598018878993,e
47.70744176750625,46.09772228646444,47.4236228055175,e
51.54609587543949,50.99019513592785,51.73973328110612,e
53.31041174104736,53.600373133029585,53.33854141237835,e
49.16299421312742,48.75448697299562,48.82622246293481,e
34.0,49.39635614091387,42.7551166528639,e
48.507731342539614,48.46648326421054,48.41487374764082,e
42.1070065428546,46.17358552246078,49.64876634922564,e
54.405882034941776,53.31041174104736,53.23532661682466,e
49.16299421312742,48.75448697299562,48.82622246293481,e
49.36598018878993,53.009433122794285,52.20153254455275,e
48.373546489791295,48.60041152089147,48.84669896727925,e
52.20153254455275,54.644304369257,49.16299421312742,e
49.040799340956916,50.20956084253277,50.21951811795888,e
54.230987451824994,53.225933528685054,53.009433122794285,e
48.60041152089147,48.84669896727925,48.373546489791295,e
49.09175083453431,48.093658625644196,48.75448697299562,e
50.00999900019995,50.24937810560445,49.33558553417604,e
50.80354318352215,51.54609587543949,52.49761899362675,e
47.885279575251516,48.54894437575342,49.01020301937138,e
50.635955604688654,52.630789467763066,51.86520991955976,e
49.4064773081425,49.16299421312742,48.33218389437829,e
48.33218389437829,49.4064773081425,49.16299421312742,e
55.08175741568164,55.47071299343465,54.378304497290095,e
50.92150822589606,51.62363799656123,52.49761899362675,e
48.83646178829912,49.24428900898052,49.33558553417604,e
44.9221548904324,49.09175083453431,40.049968789001575,e
50.0,50.21951811795888,50.93132631298737,e
49.01020301937138,48.76474136094644,49.39635614091387,e
51.0098029794274,53.71219600798314,56.08029957123981,e
50.44799302251776,50.20956084253277,50.0,e
47.853944456021594,48.093658625644196,48.25971404805462,e
54.56189146281496,53.25410782277739,54.230987451824994,e
54.08326913195984,51.86520991955976,47.16990566028302,e
50.93132631298737,50.695167422546305,49.47726750741192,e
55.226805085936306,48.041648597857254,52.55473337388365,e
49.24428900898052,49.25444142409901,49.4064773081425,e
49.01020301937138,28.0178514522438,56.08029957123981,e
55.00909015790027,55.036351623268054,55.758407437802596,e
45.69463863518345,43.01162633521314,48.02082881417188,e
53.600373133029585,52.3450093132096,52.92447448959697,e
51.24451190127583,48.83646178829912,51.85556864985669,e
49.678969393496885,49.64876634922564,49.040799340956916,e
49.64876634922564,52.40229002629561,51.62363799656123,e
47.885279575251516,25.0,42.04759208325728,e
56.938563381947034,56.0,55.94640292279746,e
52.20153254455275,51.85556864985669,51.78802950489621,e
50.44799302251776,50.93132631298737,48.507731342539614,e
48.82622246293481,48.75448697299562,49.16299421312742,e
52.46903848937962,52.92447448959697,52.80151512977634,e
48.38388161361178,50.24937810560445,49.8196748283246,e
48.33218389437829,49.16299421312742,49.4064773081425,e
55.758407437802596,47.042533945356304,51.86520991955976,e
51.19570294468082,51.66236541235796,51.24451190127583,e
48.33218389437829,49.4064773081425,49.16299421312742,e
49.64876634922564,49.040799340956916,49.678969393496885,e
53.71219600798314,53.009433122794285,53.33854141237835,e
49.01020301937138,49.64876634922564,46.95742752749558,e
50.44799302251776,50.44799302251776,0.0,e
50.99019513592785,51.19570294468082,51.54609587543949,e
53.71219600798314,53.009433122794285,53.33854141237835,e
45.27692569068709,49.4064773081425,47.75981574503821,e
49.8196748283246,49.040799340956916,48.91829923454004,e
49.33558553417604,49.51767361255979,50.21951811795888,e
49.25444142409901,50.0,48.84669896727925,e
51.264022471905186,51.78802950489621,51.088159097779204,e
49.040799340956916,48.46648326421054,49.49747468305833,e
51.86520991955976,50.32891812864648,51.19570294468082,e
49.040799340956916,27.018512172212592,56.08029957123981,e
49.47726750741192,1.0,50.44799302251776,e
1.0,50.695167422546305,50.96076922496363,e
50.59644256269407,50.99019513592785,50.99019513592785,e
51.24451190127583,51.66236541235796,51.19570294468082,e
47.70744176750625,47.01063709417264,45.09988913511872,e
53.33854141237835,53.009433122794285,53.71219600798314,e
48.877397639399746,49.01020301937138,49.24428900898052,e
48.27007354458868,48.76474136094644,49.51767361255979,e
54.08326913195984,54.378304497290095,55.00909015790027,e
48.33218389437829,48.25971404805462,48.010415536631214,e
49.24428900898052,49.25444142409901,49.4064773081425,e
55.00909015790027,55.226805085936306,54.037024344425184,e
53.71219600798314,53.823786563191554,53.23532661682466,e
51.19570294468082,51.24451190127583,51.66236541235796,e
50.44799302251776,50.44799302251776,0.0,e
55.00909015790027,54.91812087098393,55.08175741568164,e
54.147945482723536,54.12947441089743,54.644304369257,e
46.2709412050371,49.4064773081425,48.104053883222775,e
42.0,50.695167422546305,56.938563381947034,e
51.24451190127583,50.96076922496363,1.0,e
51.62363799656123,52.20153254455275,52.630789467763066,e
53.600373133029585,52.3450093132096,52.92447448959697,e
49.8196748283246,49.33558553417604,50.99019513592785,e
51.24451190127583,52.630789467763066,48.662100242385755,e
56.0,56.43580423808985,56.43580423808985,e
49.49747468305833,47.75981574503821,50.32891812864648,e
51.62363799656123,51.22499389946279,51.62363799656123,e
51.62363799656123,52.630789467763066,52.20153254455275,e
48.25971404805462,48.30113870293329,49.09175083453431,e
53.41348144429457,52.46903848937962,52.55473337388365,e
50.44799302251776,50.20956084253277,50.0,e
50.99019513592785,51.54609587543949,51.73973328110612,e
50.44799302251776,50.93132631298737,50.96076922496363,e
53.31041174104736,53.85164807134504,49.09175083453431,e
47.885279575251516,48.54894437575342,49.01020301937138,e
54.230987451824994,53.25410782277739,54.56189146281496,e
49.01020301937138,49.09175083453431,47.41307836451879,e
41.048751503547585,48.54894437575342,45.5411901469428,e
48.02082881417188,44.01136216933077,46.09772228646444,e
52.55473337388365,49.09175083453431,54.91812087098393,e
53.31041174104736,53.33854141237835,53.600373133029585,e
50.44799302251776,0.0,50.44799302251776,e
48.507731342539614,48.46648326421054,48.41487374764082,e
49.09175083453431,48.25971404805462,48.30113870293329,e
49.193495504995376,49.09175083453431,49.09175083453431,e
49.24428900898052,49.4064773081425,49.25444142409901,e
37.0,48.76474136094644,45.221676218380054,e
49.01020301937138,49.39635614091387,48.76474136094644,e
49.678969393496885,49.49747468305833,48.104053883222775,e
47.4236228055175,48.60041152089147,49.16299421312742,e
49.64876634922564,41.048751503547585,44.9221548904324,e
50.80354318352215,51.73973328110612,50.59644256269407,e
49.16299421312742,47.4236228055175,48.60041152089147,e
48.877397639399746,48.373546489791295,49.0,e
51.86520991955976,51.85556864985669,50.80354318352215,e
51.97114584074513,51.86520991955976,51.73973328110612,e
48.25971404805462,49.09175083453431,48.30113870293329,e
50.28916384272063,50.24937810560445,50.21951811795888,e
48.76474136094644,50.21951811795888,50.91168824543142,e
56.43580423808985,56.0,56.43580423808985,e
49.49747468305833,48.91829923454004,47.16990566028302,e
50.44799302251776,0.0,50.44799302251776,e
48.010415536631214,55.569775957799216,52.92447448959697,e
53.71219600798314,51.03920062069938,55.226805085936306,e
50.00999900019995,49.33558553417604,50.24937810560445,e
50.44799302251776,50.91168824543142,49.72926703662542,e
49.72926703662542,50.91168824543142,50.44799302251776,e
54.12947441089743,53.25410782277739,53.23532661682466,e
52.55473337388365,52.630789467763066,52.61178575186362,e
49.040799340956916,50.21951811795888,50.20956084253277,e
51.24451190127583,0.0,51.24451190127583,e
54.12947441089743,54.147945482723536,54.644304369257,e
49.040799340956916,49.64876634922564,49.678969393496885,e
56.43580423808985,55.0,55.94640292279746,e
49.8196748283246,48.91829923454004,49.040799340956916,e
53.25410782277739,53.665631459994955,54.147945482723536,e
48.83646178829912,49.24428900898052,49.33558553417604,e
50.21951811795888,50.96076922496363,51.66236541235796,e
49.040799340956916,48.91829923454004,49.8196748283246,e
48.54894437575342,48.76474136094644,49.040799340956916,e
52.55473337388365,52.009614495783374,51.62363799656123,e
48.877397639399746,48.373546489791295,49.0,e
50.00999900019995,50.99019513592785,50.28916384272063,e
49.040799340956916,48.54894437575342,48.76474136094644,e
47.50789408087881,48.877397639399746,49.01020301937138,e
50.96076922496363,53.600373133029585,46.389654018972806,e
51.86520991955976,49.64876634922564,52.009614495783374,e
47.70744176750625,44.10215414239989,46.61544808322666,e
54.70831746635972,54.12947441089743,51.03920062069938,e
50.00999900019995,49.64876634922564,49.57822102496216,e
55.0,27.0,28.0,e
46.04345773288535,46.51881339845203,47.70744176750625,e
55.08175741568164,54.91812087098393,55.00909015790027,e
51.66236541235796,50.96076922496363,50.21951811795888,e
49.040799340956916,50.44799302251776,49.49747468305833,e
48.30113870293329,49.09175083453431,48.25971404805462,e
48.703182647543684,49.64876634922564,50.32891812864648,e
51.24451190127583,48.83646178829912,51.85556864985669,e
52.80151512977634,52.46903848937962,52.92447448959697,e
43.04648650006177,45.880278987817846,49.09175083453431,e
48.33218389437829,49.4064773081425,49.16299421312742,e
55.0,56.43580423808985,55.94640292279746,e
49.193495504995376,49.09175083453431,49.09175083453431,e
51.24451190127583,51.24451190127583,0.0,e
42.95346318982906,48.02082881417188,34.0147027033899,e
44.10215414239989,48.25971404805462,46.238512086787566,e
54.644304369257,54.147945482723536,54.12947441089743,e
54.56189146281496,54.037024344425184,55.758407437802596,e
42.0,25.0,48.877397639399746,e
45.044422518220834,49.09175083453431,46.61544808322666,e
56.08029957123981,49.040799340956916,27.018512172212592,e
50.21951811795888,50.28916384272063,50.24937810560445,e
52.92447448959697,52.80151512977634,52.46903848937962,e
49.72926703662542,50.44799302251776,50.91168824543142,e
50.28916384272063,50.93132631298737,51.19570294468082,e
50.21951811795888,50.93132631298737,50.0,e
49.678969393496885,49.040799340956916,49.64876634922564,e
45.880278987817846,49.09175083453431,43.04648650006177,e
48.38388161361178,49.678969393496885,47.67598976424087,e
56.0,56.43580423808985,56.43580423808985,e
49.8196748283246,49.64876634922564,50.32891812864648,e
53.71219600798314,52.08646657242167,54.91812087098393,e
53.71219600798314,53.823786563191554,53.23532661682466,e
53.23532661682466,54.405882034941776,53.31041174104736,e
55.226805085936306,50.695167422546305,42.04759208325728,e
49.16299421312742,49.4064773081425,48.33218389437829,e
49.0,48.373546489791295,48.877397639399746,e
49.39635614091387,49.040799340956916,49.64876634922564,e
49.64876634922564,49.040799340956916,49.678969393496885,e
49.39635614091387,49.040799340956916,49.64876634922564,e
54.12947441089743,54.644304369257,54.147945482723536,e
47.67598976424087,49.678969393496885,48.38388161361178,e
54.644304369257,51.15662224971465,52.92447448959697,e
50.96076922496363,50.21951811795888,51.66236541235796,e
52.55473337388365,54.08326913195984,49.16299421312742,e
49.040799340956916,48.662100242385755,49.040799340956916,e
47.92702786528704,49.20365840057018,49.25444142409901,e
53.31041174104736,51.088159097779204,54.91812087098393,e
49.09175083453431,54.91812087098393,52.55473337388365,e
50.695167422546305,50.695167422546305,0.0,e
48.33218389437829,49.25444142409901,48.60041152089147,e
43.104524124504614,47.16990566028302,46.61544808322666,e
48.38388161361178,50.24937810560445,49.8196748283246,e
50.695167422546305,50.695167422546305,50.91168824543142,e
48.877397639399746,49.0,48.373546489791295,e
52.46903848937962,53.31041174104736,52.20153254455275,e
50.695167422546305,50.695167422546305,0.0,e
50.32891812864648,45.89117562233506,48.507731342539614,e
53.71219600798314,54.230987451824994,54.405882034941776,e
49.01020301937138,48.54894437575342,47.885279575251516,e
49.8196748283246,51.54609587543949,51.85556864985669,e
39.01281840626232,50.00999900019995,56.08029957123981,e
53.71219600798314,53.823786563191554,53.23532661682466,e
49.36598018878993,48.84669896727925,49.20365840057018,e
39.01281840626232,49.39635614091387,44.9221548904324,e
49.25444142409901,53.31041174104736,52.15361924162119,e
54.12947441089743,51.03920062069938,54.70831746635972,e
51.15662224971465,53.53503525729669,53.71219600798314,e
50.20956084253277,50.21951811795888,49.040799340956916,e
52.80151512977634,50.48762224545735,52.20153254455275,e
48.46648326421054,49.36598018878993,49.8196748283246,e
50.92150822589606,50.99019513592785,50.32891812864648,e
49.01020301937138,49.39635614091387,48.76474136094644,e
48.54894437575342,48.76474136094644,49.040799340956916,e
49.01020301937138,48.02082881417188,48.373546489791295,e
51.15662224971465,54.644304369257,52.92447448959697,e
49.39635614091387,45.221676218380054,40.01249804748511,e
50.96076922496363,50.96076922496363,0.0,e
50.96076922496363,51.66236541235796,50.21951811795888,e
50.44799302251776,50.44799302251776,0.0,e
49.72926703662542,47.29693436154187,49.57822102496216,e
50.92150822589606,51.73973328110612,51.78802950489621,e
54.147945482723536,54.12947441089743,54.644304369257,e
50.21951811795888,48.76474136094644,50.91168824543142,e
50.695167422546305,50.695167422546305,50.91168824543142,e
55.00909015790027,55.758407437802596,55.036351623268054,e
50.59644256269407,51.73973328110612,50.80354318352215,e
49.49747468305833,49.040799340956916,48.46648326421054,e
50.21951811795888,47.29693436154187,3.0,e
47.01063709417264,46.09772228646444,48.25971404805462,e
50.99019513592785,51.73973328110612,51.54609587543949,e
48.75448697299562,49.64876634922564,49.09175083453431,e
47.853944456021594,49.64876634922564,49.040799340956916,e
48.373546489791295,48.60041152089147,48.84669896727925,e
48.33218389437829,49.16299421312742,49.4064773081425,e
54.56189146281496,54.91812087098393,54.08326913195984,e
49.33558553417604,50.24937810560445,50.00999900019995,e
49.193495504995376,49.09175083453431,49.09175083453431,e
50.35871324805669,52.20153254455275,53.600373133029585,e
55.00909015790027,54.378304497290095,54.08326913195984,e
56.08029957123981,42.01190307520001,50.695167422546305,e
50.32891812864648,49.64876634922564,49.8196748283246,e
0.0,50.695167422546305,50.695167422546305,e
54.12947441089743,53.823786563191554,54.230987451824994,e
53.823786563191554,50.24937810560445,52.55473337388365,e
51.088159097779204,50.96076922496363,48.05205510693585,e
50.00999900019995,49.57822102496216,49.64876634922564,e
47.75981574503821,49.4064773081425,45.27692569068709,e
49.33558553417604,50.24937810560445,50.00999900019995,e
48.25971404805462,49.040799340956916,47.41307836451879,e
49.09175083453431,46.51881339845203,48.60041152089147,e
49.49747468305833,48.84669896727925,48.41487374764082,e
51.478150704935004,52.630789467763066,51.264022471905186,e
53.31041174104736,53.009433122794285,52.3450093132096,e
47.41307836451879,49.09175083453431,49.01020301937138,e
52.92447448959697,52.3450093132096,53.600373133029585,e
47.042533945356304,48.54894437575342,47.853944456021594,e
46.52956049652737,50.695167422546305,53.41348144429457,e
47.29693436154187,50.24937810560445,49.47726750741192,e
46.2709412050371,48.104053883222775,49.4064773081425,e
49.16299421312742,49.4064773081425,48.33218389437829,e
50.28916384272063,50.96076922496363,1.4142135623730951,e
51.19570294468082,51.24451190127583,51.66236541235796,e
49.24428900898052,48.83646178829912,49.33558553417604,e
47.4236228055175,48.60041152089147,49.16299421312742,e
54.56189146281496,54.91812087098393,54.08326913195984,e
53.71219600798314,53.23532661682466,53.823786563191554,e
51.24451190127583,50.21951811795888,50.99019513592785,e
50.35871324805669,52.55473337388365,53.009433122794285,e
43.41658669218482,48.54894437575342,37.013511046643494,e
51.62363799656123,53.41348144429457,52.3450093132096,e
51.088159097779204,55.47071299343465,52.92447448959697,e
49.72926703662542,50.91168824543142,50.44799302251776,e
49.8196748283246,49.64876634922564,50.32891812864648,e
53.71219600798314,53.0,50.15974481593781,e
49.09175083453431,44.04543109109048,46.238512086787566,e
51.86520991955976,55.47071299343465,48.093658625644196,e
55.036351623268054,55.47071299343465,55.226805085936306,e
49.36598018878993,49.8196748283246,48.46648326421054,e
54.08326913195984,53.53503525729669,54.120236510939236,e
50.28916384272063,50.99019513592785,50.00999900019995,e
49.36598018878993,48.84669896727925,49.20365840057018,e
55.036351623268054,55.758407437802596,55.00909015790027,e
51.088159097779204,54.91812087098393,53.31041174104736,e
48.60041152089147,48.33218389437829,49.25444142409901,e
56.43580423808985,56.43580423808985,56.0,e
44.04543109109048,48.02082881417188,47.01063709417264,e
50.96076922496363,50.93132631298737,50.44799302251776,e
45.5411901469428,49.8196748283246,48.08326112068523,e
55.47071299343465,55.226805085936306,55.036351623268054,e
45.044422518220834,49.09175083453431,46.61544808322666,e
49.09175083453431,46.238512086787566,44.04543109109048,e
47.16990566028302,49.49747468305833,48.91829923454004,e
46.87216658103186,49.57822102496216,47.80167361086848,e
51.54609587543949,51.73973328110612,50.99019513592785,e
49.49747468305833,53.41348144429457,51.54609587543949,e
49.49747468305833,49.040799340956916,50.44799302251776,e
47.853944456021594,48.02082881417188,46.04345773288535,e
49.64876634922564,49.678969393496885,49.040799340956916,e
55.00909015790027,55.758407437802596,55.036351623268054,e
55.036351623268054,55.226805085936306,55.47071299343465,e
53.71219600798314,52.20153254455275,53.46026561849464,e
52.55473337388365,55.758407437802596,49.040799340956916,e
37.05401462729781,46.647615158762406,43.965895873961216,e
55.0,56.43580423808985,55.94640292279746,e
52.20153254455275,51.088159097779204,51.97114584074513,e
52.20153254455275,51.62363799656123,52.630789467763066,e
48.507731342539614,49.8196748283246,49.040799340956916,e
46.2709412050371,47.92702786528704,47.43416490252569,e
51.54609587543949,50.80354318352215,52.49761899362675,e
53.009433122794285,52.3450093132096,53.31041174104736,e
51.86520991955976,53.41348144429457,50.48762224545735,e
55.569775957799216,47.01063709417264,52.55473337388365,e
49.040799340956916,50.21951811795888,50.20956084253277,e
51.24451190127583,50.00999900019995,51.73973328110612,e
50.24937810560445,50.695167422546305,48.507731342539614,e
51.66236541235796,50.96076922496363,50.21951811795888,e
50.96076922496363,50.44799302251776,50.93132631298737,e
51.78802950489621,52.49761899362675,51.86520991955976,e
39.11521443121589,49.64876634922564,45.35416188179427,e
51.86520991955976,51.78802950489621,52.49761899362675,e
50.20956084253277,48.76474136094644,50.44799302251776,e
49.040799340956916,49.09175083453431,48.30113870293329,e
52.46903848937962,53.41348144429457,52.55473337388365,e
48.84669896727925,49.49747468305833,48.41487374764082,e
52.20153254455275,52.80151512977634,50.48762224545735,e
53.71219600798314,53.009433122794285,53.33854141237835,e
54.56189146281496,54.91812087098393,54.08326913195984,e
48.30113870293329,49.09175083453431,49.040799340956916,e
49.0,48.877397639399746,48.373546489791295,e
49.03060268852505,49.64876634922564,48.91829923454004,e
54.20332093147061,41.048751503547585,50.96076922496363,e
50.44799302251776,49.72926703662542,50.91168824543142,e
49.20365840057018,49.25444142409901,47.92702786528704,e
51.78802950489621,52.20153254455275,51.85556864985669,e
52.20153254455275,51.85556864985669,51.78802950489621,e
55.00909015790027,55.08175741568164,54.91812087098393,e
47.75981574503821,46.389654018972806,49.20365840057018,e
49.20365840057018,45.39823785126467,47.43416490252569,e
53.600373133029585,53.31041174104736,53.33854141237835,e
48.83646178829912,51.24451190127583,51.85556864985669,e
49.49747468305833,48.104053883222775,49.678969393496885,e
50.21951811795888,50.96076922496363,51.66236541235796,e
51.19570294468082,50.24937810560445,50.59644256269407,e
0.0,50.44799302251776,50.44799302251776,e
47.75981574503821,50.0,46.2709412050371,e
49.01020301937138,48.54894437575342,47.885279575251516,e
53.71219600798314,53.23532661682466,53.823786563191554,e
49.8196748283246,49.39635614091387,49.49747468305833,e
50.99019513592785,51.088159097779204,51.86520991955976,e
48.093658625644196,52.20153254455275,54.91812087098393,e
49.678969393496885,49.040799340956916,49.64876634922564,e
49.49747468305833,56.43580423808985,35.0,e
49.64876634922564,49.57822102496216,50.00999900019995,e
42.7551166528639,49.39635614091387,34.0,e
50.21951811795888,50.28916384272063,50.24937810560445,e
49.72926703662542,50.44799302251776,1.4142135623730951,e
50.21951811795888,50.24937810560445,50.28916384272063,e
53.33854141237835,53.600373133029585,53.31041174104736,e
56.938563381947034,55.94640292279746,56.0,e
51.19570294468082,50.99019513592785,51.54609587543949,e
48.76474136094644,48.54894437575342,49.040799340956916,e
49.4064773081425,49.25444142409901,49.24428900898052,e
50.695167422546305,50.695167422546305,50.91168824543142,e
49.9799959983992,49.8196748283246,49.678969393496885,e
49.16299421312742,49.64876634922564,49.658836071740545,e
48.75448697299562,48.82622246293481,49.16299421312742,e
49.49747468305833,49.040799340956916,48.46648326421054,e
49.03060268852505,48.91829923454004,49.64876634922564,e
48.82622246293481,49.09175083453431,47.853944456021594,e
49.64876634922564,50.00999900019995,49.57822102496216,e
56.08029957123981,28.0178514522438,49.01020301937138,e
50.99019513592785,51.73973328110612,51.54609587543949,e
52.46903848937962,52.80151512977634,52.92447448959697,e
48.104053883222775,49.49747468305833,49.678969393496885,e
46.09772228646444,47.01063709417264,48.25971404805462,e
54.12947441089743,53.823786563191554,54.230987451824994,e
50.00999900019995,48.08326112068523,50.20956084253277,e
56.43580423808985,50.96076922496363,42.0,e
48.507731342539614,49.39635614091387,49.20365840057018,e
48.373546489791295,48.877397639399746,49.0,e
50.21951811795888,49.040799340956916,50.20956084253277,e
48.76474136094644,48.54894437575342,49.040799340956916,e
50.44799302251776,50.0,50.20956084253277,e
50.44799302251776,50.96076922496363,50.93132631298737,e
51.66236541235796,50.21951811795888,50.96076922496363,e
50.44799302251776,50.20956084253277,50.0,e
52.46903848937962,52.92447448959697,52.80151512977634,e
51.86520991955976,49.36598018878993,53.600373133029585,e
45.880278987817846,41.10960958218893,49.64876634922564,e
54.56189146281496,54.08326913195984,54.147945482723536,e
49.33558553417604,50.99019513592785,49.8196748283246,e
50.99019513592785,50.92150822589606,50.32891812864648,e
35.0,56.43580423808985,49.49747468305833,e
49.57822102496216,48.703182647543684,49.8196748283246,e
48.75448697299562,48.25971404805462,48.16637831516918,e
50.21951811795888,50.0,50.93132631298737,e
50.92150822589606,50.32891812864648,50.99019513592785,e
51.86520991955976,51.73973328110612,51.97114584074513,e
48.83646178829912,51.24451190127583,51.85556864985669,e
52.55473337388365,51.22499389946279,51.78802950489621,e
45.09988913511872,49.09175083453431,47.53945729601885,e
47.265209192385896,51.24451190127583,54.405882034941776,e
55.94640292279746,55.569775957799216,55.00909015790027,e
55.758407437802596,49.040799340956916,52.55473337388365,e
48.25971404805462,47.4236228055175,47.095647357266465,e
46.61544808322666,45.09988913511872,48.25971404805462,e
48.25971404805462,45.09988913511872,46.61544808322666,e
47.634021455258214,48.46648326421054,48.662100242385755,e
48.877397639399746,25.0,42.0,e
49.040799340956916,50.44799302251776,49.49747468305833,e
49.0,28.0,56.43580423808985,e
49.8196748283246,49.49747468305833,49.39635614091387,e
48.27007354458868,50.99019513592785,50.695167422546305,e
46.09772228646444,44.01136216933077,48.02082881417188,e
47.67598976424087,51.24451190127583,52.009614495783374,e
50.21951811795888,50.96076922496363,51.66236541235796,e
50.96076922496363,50.21951811795888,51.66236541235796,e
51.264022471905186,51.85556864985669,51.62363799656123,e
50.00999900019995,51.24451190127583,51.73973328110612,e
47.43416490252569,50.24937810560445,49.64876634922564,e
48.373546489791295,48.84669896727925,48.60041152089147,e
51.66236541235796,51.19570294468082,51.24451190127583,e
